{"cameraMode":{"drawMode":0,"name":"Shaded","section":"Shading Mode"},"sceneLighting":true,"audioPlay":false,"sceneViewState":{"showFog":true,"showMaterialUpdate":false,"showSkybox":true,"showFlares":true,"showImageEffects":true,"showParticleSystems":true},"in2DMode":false,"pivot":{"x":-0.15742111206054688,"y":0.5946817398071289,"z":-0.6652078628540039},"rotation":{"x":-0.08411689847707749,"y":0.9060446619987488,"z":-0.21483133733272553,"w":-0.35476043820381167},"size":9.583252906799317,"orthographic":true}